﻿<?xml version="1.0" encoding="utf-8"?>
<publishData>
  <publishProfile publishUrl="C:\Working\lffcom\trunk\GrowthAdvisors\GrowthAdvisors\Deploy\" deleteExistingFiles="False" ftpAnonymousLogin="False" ftpPassiveMode="True" msdeploySite="" msdeploySiteID="" msdeployRemoteSitePhysicalPath="" msdeployAllowUntrustedCertificate="False" msdeploySkipExtraFilesOnServer="True" msdeployMarkAsApp="False" profileName="Profile1" publishMethod="FileSystem" replaceMatchingFiles="True" userName="" savePWD="False" userPWD="" SelectedForPublish="True">
    <file relUrl="bin/Microsoft.Web.Infrastructure.xml" publishTime="12/20/2010 09:52:36" />
    <file relUrl="bin/SquishIt.Framework.dll" publishTime="07/23/2012 08:00:17" />
    <file relUrl="css/flexnav.css" publishTime="07/25/2012 10:38:41" />
    <file relUrl="Views/Web.config" publishTime="08/09/2012 14:09:29" />
    <file relUrl="GenericErrorPage.html" publishTime="08/09/2012 14:09:30" />
    <file relUrl="Views/Industries/Index.cshtml" publishTime="08/09/2012 14:09:29" />
    <file relUrl="js/libs/jquery.validate.min.js" publishTime="07/23/2012 08:00:15" />
    <file relUrl="Lib/SquishIt/SquishIt.Mvc.dll" publishTime="07/23/2012 08:00:18" />
    <file relUrl="css/site.css" publishTime="08/09/2012 14:55:54" />
    <file relUrl="img/quick_links.png" publishTime="07/25/2012 10:38:41" />
    <file relUrl="apple-touch-icon-57x57-precomposed.png" publishTime="07/23/2012 08:18:04" />
    <file relUrl="img/logo.png" publishTime="07/26/2012 09:38:17" />
    <file relUrl="img/148281810.jpg" publishTime="07/25/2012 14:05:10" />
    <file relUrl="bin/System.Web.Mvc.dll" publishTime="01/05/2011 16:42:16" />
    <file relUrl="Views/Shared/Footer.cshtml" publishTime="07/26/2012 09:38:17" />
    <file relUrl="Web.config" publishTime="08/09/2012 14:56:08" />
    <file relUrl="bin/System.Web.WebPages.Deployment.xml" publishTime="12/20/2010 09:52:36" />
    <file relUrl="img/86536156.jpg" publishTime="07/25/2012 14:04:56" />
    <file relUrl="Views/Shared/Header.cshtml" publishTime="08/09/2012 14:09:29" />
    <file relUrl="img/logo_home.png" publishTime="07/26/2012 09:38:17" />
    <file relUrl="bin/dotless.Core.dll" publishTime="07/23/2012 08:00:18" />
    <file relUrl="js/mylibs/s3Slider.js" publishTime="08/09/2012 14:09:29" />
    <file relUrl="apple-touch-icon-72x72-precomposed.png" publishTime="07/23/2012 08:17:10" />
    <file relUrl="Lib/SquishIt/EcmaScript.NET.modified.dll" publishTime="07/23/2012 08:00:18" />
    <file relUrl="demo/hack2.css" publishTime="07/23/2012 08:00:09" />
    <file relUrl="img/your_mission.png" publishTime="07/25/2012 10:38:41" />
    <file relUrl="Global.asax" publishTime="07/23/2012 08:00:18" />
    <file relUrl="img/arrow-down.png" publishTime="07/25/2012 10:38:41" />
    <file relUrl="Views/OurExperience/Index.cshtml" publishTime="08/09/2012 14:09:29" />
    <file relUrl="img/homepage_header.png" publishTime="07/25/2012 10:38:41" />
    <file relUrl="bin/Yahoo.Yui.Compressor.dll" publishTime="07/23/2012 08:00:18" />
    <file relUrl="js/libs/jquery-1.6.2.min.js" publishTime="07/23/2012 08:00:15" />
    <file relUrl="404.html" publishTime="07/23/2012 08:00:18" />
    <file relUrl="js/mylibs/jquery.flexnav.js" publishTime="08/09/2012 14:09:29" />
    <file relUrl="demo/elements.html" publishTime="07/23/2012 08:00:09" />
    <file relUrl="Lib/SquishIt/dotless.Core.dll" publishTime="07/23/2012 08:00:18" />
    <file relUrl="js/script.js" publishTime="07/23/2012 08:00:15" />
    <file relUrl="bin/System.Web.Razor.xml" publishTime="12/20/2010 09:52:36" />
    <file relUrl="bin/System.Web.WebPages.dll" publishTime="01/05/2011 14:45:38" />
    <file relUrl="demo/hack.css" publishTime="07/23/2012 08:00:09" />
    <file relUrl="Views/_ViewStart.cshtml" publishTime="07/23/2012 08:00:13" />
    <file relUrl="bin/AjaxMin.dll" publishTime="07/23/2012 08:00:17" />
    <file relUrl="demo/tests.html" publishTime="07/23/2012 08:00:09" />
    <file relUrl="bin/System.Web.Helpers.xml" publishTime="12/19/2010 22:59:38" />
    <file relUrl="Views/Shared/_LogOnPartial.cshtml" publishTime="07/23/2012 08:00:11" />
    <file relUrl="js/libs/respond.min.js" publishTime="07/23/2012 08:00:15" />
    <file relUrl="Views/Shared/_Layout.cshtml" publishTime="08/09/2012 14:55:54" />
    <file relUrl="bin/Microsoft.Web.Infrastructure.dll" publishTime="01/05/2011 14:45:38" />
    <file relUrl="Lib/SquishIt/SquishIt.Framework.dll" publishTime="07/23/2012 08:00:17" />
    <file relUrl="bin/System.Web.Helpers.dll" publishTime="01/05/2011 14:45:38" />
    <file relUrl="css/960grid.css" publishTime="07/23/2012 08:00:16" />
    <file relUrl="img/120170235.jpg" publishTime="07/25/2012 14:03:11" />
    <file relUrl="img/123013679.jpg" publishTime="07/25/2012 14:02:48" />
    <file relUrl="js/libs/dd_belatedpng.js" publishTime="07/23/2012 08:00:15" />
    <file relUrl="apple-touch-icon.png" publishTime="07/23/2012 08:17:03" />
    <file relUrl="css/normalize.css" publishTime="07/23/2012 08:00:16" />
    <file relUrl="Views/Home/Index.cshtml" publishTime="08/09/2012 14:09:29" />
    <file relUrl="img/99222616.jpg" publishTime="07/25/2012 14:05:47" />
    <file relUrl="demo/test_tubes.png" publishTime="07/23/2012 08:00:09" />
    <file relUrl="js/libs/jquery.unobtrusive-ajax.js" publishTime="07/23/2012 08:00:15" />
    <file relUrl="bin/GrowthAdvisors.dll" publishTime="08/09/2012 14:56:08" />
    <file relUrl="js/libs/jquery.unobtrusive-ajax.min.js" publishTime="07/23/2012 08:00:15" />
    <file relUrl="demo/internet_explorer.png" publishTime="07/23/2012 08:00:09" />
    <file relUrl="img/contact_us.png" publishTime="07/25/2012 10:38:41" />
    <file relUrl="bin/System.Web.WebPages.Razor.dll" publishTime="01/05/2011 14:45:38" />
    <file relUrl="img/john_simmons.jpg" publishTime="07/26/2012 09:38:17" />
    <file relUrl="humans.txt" publishTime="07/23/2012 08:00:18" />
    <file relUrl="bin/System.Web.Routing.dll" publishTime="03/18/2010 19:31:26" />
    <file relUrl="img/86513663_250.jpg" publishTime="08/09/2012 14:09:29" />
    <file relUrl="img/homepage_image.png" publishTime="07/25/2012 10:38:41" />
    <file relUrl="Views/Shared/Error.cshtml" publishTime="08/09/2012 14:09:29" />
    <file relUrl="bin/System.Web.WebPages.Razor.xml" publishTime="12/20/2010 09:52:36" />
    <file relUrl="img/99222616_250.jpg" publishTime="08/09/2012 14:09:29" />
    <file relUrl="img/homepage_subheader.png" publishTime="07/25/2012 10:38:41" />
    <file relUrl="bin/System.Web.Mvc.xml" publishTime="02/09/2011 10:26:24" />
    <file relUrl="Views/OurServices/Index.cshtml" publishTime="08/09/2012 14:09:29" />
    <file relUrl="img/more_link.png" publishTime="07/25/2012 10:38:41" />
    <file relUrl="apple-touch-icon-precomposed.png" publishTime="07/23/2012 08:17:07" />
    <file relUrl="apple-touch-icon-114x114-precomposed.png" publishTime="07/23/2012 08:17:08" />
    <file relUrl="img/120170235_250.jpg" publishTime="08/09/2012 14:09:29" />
    <file relUrl="favicon.ico" publishTime="07/23/2012 08:19:03" />
    <file relUrl="crossdomain.xml" publishTime="07/23/2012 08:00:18" />
    <file relUrl="bin/GrowthAdvisors.pdb" publishTime="08/09/2012 14:56:08" />
    <file relUrl="img/86513663.jpg" publishTime="07/25/2012 13:56:24" />
    <file relUrl="bin/System.Web.Razor.dll" publishTime="01/05/2011 14:45:38" />
    <file relUrl="Views/Shared/ImageSlider.cshtml" publishTime="08/09/2012 14:09:29" />
    <file relUrl="img/148281810_250.jpg" publishTime="08/09/2012 14:09:29" />
    <file relUrl="bin/System.Web.Abstractions.dll" publishTime="03/18/2010 19:31:26" />
    <file relUrl="js/libs/jquery.validate.unobtrusive.min.js" publishTime="07/23/2012 08:00:15" />
    <file relUrl="js/mylibs/jquery.flexnav-min.js" publishTime="08/09/2012 14:09:29" />
    <file relUrl="robots.txt" publishTime="07/23/2012 08:00:18" />
    <file relUrl="welcome.txt" publishTime="07/23/2012 08:00:18" />
    <file relUrl="bin/EcmaScript.NET.modified.dll" publishTime="07/23/2012 08:00:18" />
    <file relUrl="img/123013679_250.jpg" publishTime="08/09/2012 14:09:29" />
    <file relUrl="js/plugins.js" publishTime="07/23/2012 08:00:15" />
    <file relUrl="js/libs/jquery.validate-vsdoc.js" publishTime="07/23/2012 08:00:15" />
    <file relUrl="Lib/SquishIt/AjaxMin.dll" publishTime="07/23/2012 08:00:17" />
    <file relUrl="css/media.css" publishTime="08/09/2012 14:55:54" />
    <file relUrl="bin/System.Web.WebPages.xml" publishTime="12/19/2010 22:59:38" />
    <file relUrl="Views/HowWeCanHelp/Index.cshtml" publishTime="08/09/2012 14:09:28" />
    <file relUrl="img/bg_textile.png" publishTime="07/23/2012 08:00:15" />
    <file relUrl="Lib/SquishIt/Yahoo.Yui.Compressor.dll" publishTime="07/23/2012 08:00:18" />
    <file relUrl="Views/ContactUs/Index.cshtml" publishTime="08/09/2012 14:09:28" />
    <file relUrl="js/libs/modernizr-2.0.min.js" publishTime="07/23/2012 08:00:15" />
    <file relUrl="bin/System.Web.WebPages.Deployment.dll" publishTime="01/05/2011 14:45:38" />
    <file relUrl="img/86536156_250.jpg" publishTime="08/09/2012 14:09:29" />
  </publishProfile>
</publishData>